[
    {
        "Product": "Loan",
        "ISIN": "AAACK9347F",
        "Principal Outstanding": 13.9286,
        "Interest OverDue": 0,
        "Interest Due Today": 0,
        "Unutilized Amount": 0,
        "Tranche Amount": 0
    },
    {
        "Product": "NCD",
        "ISIN": "INE104W07022",
        "Principal Outstanding": 15.8823,
        "Interest OverDue": -0.0019,
        "Interest Due Today": 0,
        "Unutilized Amount": 0,
        "Tranche Amount": 0
    },
    {
        "Product": "Loan",
        "ISIN": "AAACK9347F",
        "Principal Outstanding": 13.92,
        "Interest OverDue": 0,
        "Interest Due Today": 0,
        "Unutilized Amount": 0,
        "Tranche Amount": 0
    },
    {
        "Product": "NCD",
        "ISIN": "INE104W07021",
        "Principal Outstanding": 15.8823,
        "Interest OverDue": -0.0019,
        "Interest Due Today": 0,
        "Unutilized Amount": 0,
        "Tranche Amount": 0
    }
]