[
    {
        "Company Name": "GOI LOAN",
        "Group Name": "GOI",
        "AK Company": "AKCFL",
        "AK CompanyId": 3,
        "Principal Outstanding": 129.7836,
        "Interest Overdue": 0,
        "Interest Due Today": 0,
        "TrancheAmount": 0,
        "UnutilizedAmount": 0,
        "Single Party Exposure Limit": 0,
        "Single Party Limit Available": 0
    },
    {
        "Company Name": "SHRIRAM HOUSING FINANCE LTD",
        "Group Name": "SHRIRAM",
        "AK Company": "AKCFL",
        "AK CompanyId": 3,
        "Principal Outstanding": 74.9,
        "Interest Overdue": 0,
        "Interest Due Today": 0,
        "TrancheAmount": 0,
        "UnutilizedAmount": 0,
        "Single Party Exposure Limit": 80,
        "Single Party Limit Available": 5.1
    },
    {
        "Company Name": "ALTICO CAPITAL INDIA LIMITED",
        "Group Name": "ALTICO",
        "AK Company": "AKCFL",
        "AK CompanyId": 3,
        "Principal Outstanding": 73.1019,
        "Interest Overdue": 0,
        "Interest Due Today": 0,
        "TrancheAmount": 0,
        "UnutilizedAmount": 0,
        "Single Party Exposure Limit": 80,
        "Single Party Limit Available": 6.8981
    },
    {
        "Company Name": "FIVE-STAR BUSINESS FINANCE LIMITED",
        "Group Name": "FIVE STAR",
        "AK Company": "AKCFL",
        "AK CompanyId": 3,
        "Principal Outstanding": 69.0163,
        "Interest Overdue": 0,
        "Interest Due Today": 0,
        "TrancheAmount": -0.2045,
        "UnutilizedAmount": 0,
        "Single Party Exposure Limit": 80,
        "Single Party Limit Available": 10.9837
    },
    {
        "Company Name": "KOTAK INFRASTRUCTURE DEBT FUND LIMITED",
        "Group Name": "KOTAK GROUP",
        "AK Company": "AKCFL",
        "AK CompanyId": 3,
        "Principal Outstanding": 62.5,
        "Interest Overdue": 0,
        "Interest Due Today": 0,
        "TrancheAmount": 0,
        "UnutilizedAmount": 0,
        "Single Party Exposure Limit": 80,
        "Single Party Limit Available": 17.5
    },
    {
        "Company Name": "JANA SMALL FINANCE BANK LIMITED",
        "Group Name": "JANA SMALL FINANCE BANK",
        "AK Company": "AKCFL",
        "AK CompanyId": 3,
        "Principal Outstanding": 60.2704,
        "Interest Overdue": 0,
        "Interest Due Today": 0,
        "TrancheAmount": 0,
        "UnutilizedAmount": 0,
        "Single Party Exposure Limit": 80,
        "Single Party Limit Available": 19.7296
    },
    {
        "Company Name": "SHRIRAM TRANSPORT FINANCE COMPANY LTD",
        "Group Name": "SHRIRAM",
        "AK Company": "AKCFL",
        "AK CompanyId": 3,
        "Principal Outstanding": 55.642,
        "Interest Overdue": 0,
        "Interest Due Today": 0,
        "TrancheAmount": -24.2664,
        "UnutilizedAmount": 0,
        "Single Party Exposure Limit": 80,
        "Single Party Limit Available": 24.358
    },
    {
        "Company Name": "APTUS FINANCE INDIA PRIVATE LIMITED",
        "Group Name": "APTUS",
        "AK Company": "AKCFL",
        "AK CompanyId": 3,
        "Principal Outstanding": 50,
        "Interest Overdue": 0,
        "Interest Due Today": 0,
        "TrancheAmount": 0,
        "UnutilizedAmount": 0,
        "Single Party Exposure Limit": 80,
        "Single Party Limit Available": 30
    },
    {
        "Company Name": "HOUSING DEVELOPMENT FINANCE CORPORATION LTD",
        "Group Name": "HDFC",
        "AK Company": "AKCFL",
        "AK CompanyId": 3,
        "Principal Outstanding": 49.9785,
        "Interest Overdue": 0,
        "Interest Due Today": 0,
        "TrancheAmount": 0.2091,
        "UnutilizedAmount": 0,
        "Single Party Exposure Limit": 80,
        "Single Party Limit Available": 30.0216
    },
    {
        "Company Name": "FUTURE CORPORATE RESOURCES PRIVATE LIMITED",
        "Group Name": "FUTURE",
        "AK Company": "AKCFL",
        "AK CompanyId": 3,
        "Principal Outstanding": 45,
        "Interest Overdue": 0,
        "Interest Due Today": 0,
        "TrancheAmount": 0,
        "UnutilizedAmount": 20,
        "Single Party Exposure Limit": 80,
        "Single Party Limit Available": 35
    },
    {
        "Company Name": "THE SOUTH INDIAN BANK LIMITED",
        "Group Name": "SOUTH INDIAN BANK",
        "AK Company": "AKCFL",
        "AK CompanyId": 3,
        "Principal Outstanding": 44.8531,
        "Interest Overdue": 0,
        "Interest Due Today": 0,
        "TrancheAmount": 0,
        "UnutilizedAmount": -0.202,
        "Single Party Exposure Limit": 80,
        "Single Party Limit Available": 35.1469
    },
    {
        "Company Name": "ASIRVAD MICROFINANCE LIMITED",
        "Group Name": "MANAPPURAM",
        "AK Company": "AKCFL",
        "AK CompanyId": 3,
        "Principal Outstanding": 44.2533,
        "Interest Overdue": -0.0148,
        "Interest Due Today": 0,
        "TrancheAmount": 0,
        "UnutilizedAmount": -37.5,
        "Single Party Exposure Limit": 80,
        "Single Party Limit Available": 35.7615
    },
    {
        "Company Name": "INDIABULLS HOUSING FINANCE LIMITED",
        "Group Name": "INDIABULLS",
        "AK Company": "AKCFL",
        "AK CompanyId": 3,
        "Principal Outstanding": 42.9077,
        "Interest Overdue": 0,
        "Interest Due Today": 0,
        "TrancheAmount": 0,
        "UnutilizedAmount": 0,
        "Single Party Exposure Limit": 80,
        "Single Party Limit Available": 37.0923
    },
    {
        "Company Name": "PURANIK BUILDERS LIMITED",
        "Group Name": "PURANIK BUILDERS",
        "AK Company": "AKCFL",
        "AK CompanyId": 3,
        "Principal Outstanding": 42.7335,
        "Interest Overdue": 0,
        "Interest Due Today": 0,
        "TrancheAmount": 0,
        "UnutilizedAmount": 8.2931,
        "Single Party Exposure Limit": 80,
        "Single Party Limit Available": 37.2665
    },
    {
        "Company Name": "ESSKAY FINCORP LIMITED",
        "Group Name": "ESSKAY",
        "AK Company": "AKCFL",
        "AK CompanyId": 3,
        "Principal Outstanding": 40.6539,
        "Interest Overdue": -0.0004,
        "Interest Due Today": 0,
        "TrancheAmount": 0,
        "UnutilizedAmount": 0,
        "Single Party Exposure Limit": 80,
        "Single Party Limit Available": 39.3466
    },
    {
        "Company Name": "POWER FINANCE CORPORATION LTD",
        "Group Name": "PFC",
        "AK Company": "AKCFL",
        "AK CompanyId": 3,
        "Principal Outstanding": 40.5029,
        "Interest Overdue": 0,
        "Interest Due Today": 0,
        "TrancheAmount": 35.3993,
        "UnutilizedAmount": 0,
        "Single Party Exposure Limit": 80,
        "Single Party Limit Available": 39.4971
    },
    {
        "Company Name": "AZURE TREE LANDS PRIVATE LIMITED",
        "Group Name": "KALPATARU GROUP",
        "AK Company": "AKCFL",
        "AK CompanyId": 3,
        "Principal Outstanding": 37.5,
        "Interest Overdue": 0,
        "Interest Due Today": 0,
        "TrancheAmount": 0,
        "UnutilizedAmount": 0,
        "Single Party Exposure Limit": 80,
        "Single Party Limit Available": 42.5
    },
    {
        "Company Name": "NATIONAL BANK FOR AGRICULTURE AND RURAL DEVELOPMENT",
        "Group Name": "NABARD",
        "AK Company": "AKCFL",
        "AK CompanyId": 3,
        "Principal Outstanding": 36.1952,
        "Interest Overdue": 0.0001,
        "Interest Due Today": 0,
        "TrancheAmount": -35.9538,
        "UnutilizedAmount": 0,
        "Single Party Exposure Limit": 80,
        "Single Party Limit Available": 43.8047
    },
    {
        "Company Name": "INDIABULLS REAL ESTATE LIMITED",
        "Group Name": "INDIABULLS",
        "AK Company": "AKCFL",
        "AK CompanyId": 3,
        "Principal Outstanding": 32.5163,
        "Interest Overdue": 0,
        "Interest Due Today": 0,
        "TrancheAmount": 0,
        "UnutilizedAmount": 0,
        "Single Party Exposure Limit": 80,
        "Single Party Limit Available": 47.4837
    },
    {
        "Company Name": "KANAKADURGA FINANCE LIMITED",
        "Group Name": "KANAKADURGA",
        "AK Company": "AKCFL",
        "AK CompanyId": 3,
        "Principal Outstanding": 29.8109,
        "Interest Overdue": -0.0019,
        "Interest Due Today": 0,
        "TrancheAmount": 0,
        "UnutilizedAmount": 0,
        "Single Party Exposure Limit": 80,
        "Single Party Limit Available": 50.191
    },
    {
        "Company Name": "REC LIMITED",
        "Group Name": "REC",
        "AK Company": "AKCFL",
        "AK CompanyId": 3,
        "Principal Outstanding": 28.0696,
        "Interest Overdue": 0,
        "Interest Due Today": 0,
        "TrancheAmount": -20.2073,
        "UnutilizedAmount": 0,
        "Single Party Exposure Limit": 80,
        "Single Party Limit Available": 51.9304
    },
    {
        "Company Name": "CASPIAN IMPACT INVESTMENTS PRIVATE LIMITED",
        "Group Name": "CASPIAN",
        "AK Company": "AKCFL",
        "AK CompanyId": 3,
        "Principal Outstanding": 27.5,
        "Interest Overdue": 0,
        "Interest Due Today": 0,
        "TrancheAmount": 0,
        "UnutilizedAmount": 0,
        "Single Party Exposure Limit": 80,
        "Single Party Limit Available": 52.5
    },
    {
        "Company Name": "VERITAS FINANCE PRIVATE LIMITED",
        "Group Name": "VERITAS",
        "AK Company": "AKCFL",
        "AK CompanyId": 3,
        "Principal Outstanding": 25.6607,
        "Interest Overdue": 0,
        "Interest Due Today": 0,
        "TrancheAmount": 0,
        "UnutilizedAmount": 0,
        "Single Party Exposure Limit": 80,
        "Single Party Limit Available": 54.3393
    },
    {
        "Company Name": "INDIAN OVERSEAS BANK",
        "Group Name": "IOB",
        "AK Company": "AKCFL",
        "AK CompanyId": 3,
        "Principal Outstanding": 25.54,
        "Interest Overdue": 0,
        "Interest Due Today": 0,
        "TrancheAmount": -0.2094,
        "UnutilizedAmount": 0,
        "Single Party Exposure Limit": 80,
        "Single Party Limit Available": 54.46
    },
    {
        "Company Name": "NEO PHARMA PRIVATE LIMITED",
        "Group Name": "KALPATARU GROUP",
        "AK Company": "AKCFL",
        "AK CompanyId": 3,
        "Principal Outstanding": 25,
        "Interest Overdue": 0,
        "Interest Due Today": 0,
        "TrancheAmount": 0,
        "UnutilizedAmount": 0,
        "Single Party Exposure Limit": 80,
        "Single Party Limit Available": 55
    },
    {
        "Company Name": "SURYODAY SMALL FINANCE BANK LIMITED",
        "Group Name": "SURYODAY",
        "AK Company": "AKCFL",
        "AK CompanyId": 3,
        "Principal Outstanding": 24.9617,
        "Interest Overdue": 0,
        "Interest Due Today": 0,
        "TrancheAmount": 0,
        "UnutilizedAmount": 0,
        "Single Party Exposure Limit": 80,
        "Single Party Limit Available": 55.0383
    },
    {
        "Company Name": "UNITED BANK OF INDIA",
        "Group Name": "UNITED BANK ",
        "AK Company": "AKCFL",
        "AK CompanyId": 3,
        "Principal Outstanding": 24.1306,
        "Interest Overdue": 0,
        "Interest Due Today": 0,
        "TrancheAmount": 0,
        "UnutilizedAmount": 0,
        "Single Party Exposure Limit": 80,
        "Single Party Limit Available": 55.8694
    },
    {
        "Company Name": "FUTURE CONSUMER LIMITED",
        "Group Name": "FUTURE",
        "AK Company": "AKCFL",
        "AK CompanyId": 3,
        "Principal Outstanding": 22.7823,
        "Interest Overdue": 0,
        "Interest Due Today": 0,
        "TrancheAmount": 0,
        "UnutilizedAmount": 0,
        "Single Party Exposure Limit": 80,
        "Single Party Limit Available": 57.2177
    },
    {
        "Company Name": "JAYSHREE BUILDERS",
        "Group Name": "MEHTA GROUP",
        "AK Company": "AKCFL",
        "AK CompanyId": 3,
        "Principal Outstanding": 22.5948,
        "Interest Overdue": 0,
        "Interest Due Today": 0,
        "TrancheAmount": 0,
        "UnutilizedAmount": 0.0216,
        "Single Party Exposure Limit": 80,
        "Single Party Limit Available": 57.4052
    },
    {
        "Company Name": "EPIMONEY PRIVATE LIMITED",
        "Group Name": "FLEXILOAN",
        "AK Company": "AKCFL",
        "AK CompanyId": 3,
        "Principal Outstanding": 20.2,
        "Interest Overdue": 0,
        "Interest Due Today": 0,
        "TrancheAmount": 0,
        "UnutilizedAmount": 0,
        "Single Party Exposure Limit": 80,
        "Single Party Limit Available": 59.8
    },
    {
        "Company Name": "BELSTAR INVESTMENT AND FINANCE PRIVATE LTD",
        "Group Name": "MUTHOOT",
        "AK Company": "AKCFL",
        "AK CompanyId": 3,
        "Principal Outstanding": 19.404,
        "Interest Overdue": 0,
        "Interest Due Today": 0,
        "TrancheAmount": 0,
        "UnutilizedAmount": 0,
        "Single Party Exposure Limit": 80,
        "Single Party Limit Available": 60.596
    },
    {
        "Company Name": "SHUBHAM HOUSING DEVELOPMENT FINANCE COMPANY LIMITED",
        "Group Name": "SHUBHAM",
        "AK Company": "AKCFL",
        "AK CompanyId": 3,
        "Principal Outstanding": 17.5001,
        "Interest Overdue": -0.0005,
        "Interest Due Today": 0,
        "TrancheAmount": 0,
        "UnutilizedAmount": 0,
        "Single Party Exposure Limit": 80,
        "Single Party Limit Available": 62.5004
    },
    {
        "Company Name": "VASTU HOUSING FINANCE CORPORATION LIMITED",
        "Group Name": "VASTU",
        "AK Company": "AKCFL",
        "AK CompanyId": 3,
        "Principal Outstanding": 17.3077,
        "Interest Overdue": -0.0016,
        "Interest Due Today": 0,
        "TrancheAmount": 0,
        "UnutilizedAmount": 0,
        "Single Party Exposure Limit": 80,
        "Single Party Limit Available": 62.6939
    },
    {
        "Company Name": "FINCARE SMALL FINANCE BANK LIMITED",
        "Group Name": "FINCARE",
        "AK Company": "AKCFL",
        "AK CompanyId": 3,
        "Principal Outstanding": 17.2,
        "Interest Overdue": 0,
        "Interest Due Today": 0,
        "TrancheAmount": 0,
        "UnutilizedAmount": 0,
        "Single Party Exposure Limit": 80,
        "Single Party Limit Available": 62.8
    },
    {
        "Company Name": "S.R.G. HOUSING FINANCE LIMITED",
        "Group Name": "SRG",
        "AK Company": "AKCFL",
        "AK CompanyId": 3,
        "Principal Outstanding": 16.8105,
        "Interest Overdue": 0.0003,
        "Interest Due Today": 0,
        "TrancheAmount": 0,
        "UnutilizedAmount": 0,
        "Single Party Exposure Limit": 80,
        "Single Party Limit Available": 63.1892
    },
    {
        "Company Name": "KOGTA FINANCIAL (INDIA) LTD",
        "Group Name": "KOGTA",
        "AK Company": "AKCFL",
        "AK CompanyId": 3,
        "Principal Outstanding": 16.125,
        "Interest Overdue": 0,
        "Interest Due Today": 0,
        "TrancheAmount": 0,
        "UnutilizedAmount": 0,
        "Single Party Exposure Limit": 80,
        "Single Party Limit Available": 63.875
    },
    {
        "Company Name": "CHOLAMANDALAM INVESTMENT AND FINANCE COMPANY LTD",
        "Group Name": "CHOLMANDALAM",
        "AK Company": "AKCFL",
        "AK CompanyId": 3,
        "Principal Outstanding": 14.4017,
        "Interest Overdue": 0,
        "Interest Due Today": 0,
        "TrancheAmount": -0.4025,
        "UnutilizedAmount": 0,
        "Single Party Exposure Limit": 80,
        "Single Party Limit Available": 65.5983
    },
    {
        "Company Name": "MENTOR HOME LOANS INDIA LIMITED",
        "Group Name": "MENTOR",
        "AK Company": "AKCFL",
        "AK CompanyId": 3,
        "Principal Outstanding": 14.2328,
        "Interest Overdue": 0,
        "Interest Due Today": 0,
        "TrancheAmount": 0,
        "UnutilizedAmount": 0,
        "Single Party Exposure Limit": 80,
        "Single Party Limit Available": 65.7672
    },
    {
        "Company Name": "FIVE STAR HOUSING FINANCE PRIVATE LIMITED",
        "Group Name": "FIVE STAR",
        "AK Company": "AKCFL",
        "AK CompanyId": 3,
        "Principal Outstanding": 13.3,
        "Interest Overdue": 0,
        "Interest Due Today": 0,
        "TrancheAmount": 0,
        "UnutilizedAmount": 0,
        "Single Party Exposure Limit": 80,
        "Single Party Limit Available": 66.7
    },
    {
        "Company Name": "FAIRMONT LIFESPACES LLP",
        "Group Name": "FAIRMONT GROUP",
        "AK Company": "AKCFL",
        "AK CompanyId": 3,
        "Principal Outstanding": 12.7456,
        "Interest Overdue": 0,
        "Interest Due Today": 0,
        "TrancheAmount": 0,
        "UnutilizedAmount": 12.8042,
        "Single Party Exposure Limit": 80,
        "Single Party Limit Available": 67.2544
    },
    {
        "Company Name": "SOBHA PROJECTS AND TRADE PRIVATE LIMITED",
        "Group Name": "SOBHA",
        "AK Company": "AKCFL",
        "AK CompanyId": 3,
        "Principal Outstanding": 12.5,
        "Interest Overdue": 0,
        "Interest Due Today": 0,
        "TrancheAmount": 0,
        "UnutilizedAmount": 0,
        "Single Party Exposure Limit": 80,
        "Single Party Limit Available": 67.5
    },
    {
        "Company Name": "NIVARA HOME FINANCE LIMITED",
        "Group Name": "NIVARA",
        "AK Company": "AKCFL",
        "AK CompanyId": 3,
        "Principal Outstanding": 12.4138,
        "Interest Overdue": 0,
        "Interest Due Today": 0,
        "TrancheAmount": 0,
        "UnutilizedAmount": 20,
        "Single Party Exposure Limit": 80,
        "Single Party Limit Available": 67.5862
    },
    {
        "Company Name": "KHUSH HOUSING FINANCE PRIVATE LIMITED",
        "Group Name": "KHUSH",
        "AK Company": "AKCFL",
        "AK CompanyId": 3,
        "Principal Outstanding": 11,
        "Interest Overdue": 0,
        "Interest Due Today": 0,
        "TrancheAmount": 0,
        "UnutilizedAmount": 0,
        "Single Party Exposure Limit": 80,
        "Single Party Limit Available": 69
    },
    {
        "Company Name": "UMMEED HOUSING FINANCE PRIVATE LIMITED",
        "Group Name": "UMMEED",
        "AK Company": "AKCFL",
        "AK CompanyId": 3,
        "Principal Outstanding": 10.9167,
        "Interest Overdue": 0,
        "Interest Due Today": 0,
        "TrancheAmount": 0,
        "UnutilizedAmount": 12,
        "Single Party Exposure Limit": 80,
        "Single Party Limit Available": 69.0833
    },
    {
        "Company Name": "THE KARUR VYSYA BANK LIMITED",
        "Group Name": "OTHERS",
        "AK Company": "AKCFL",
        "AK CompanyId": 3,
        "Principal Outstanding": 9.9371,
        "Interest Overdue": 0,
        "Interest Due Today": 0,
        "TrancheAmount": -0.0504,
        "UnutilizedAmount": 0,
        "Single Party Exposure Limit": 80,
        "Single Party Limit Available": 70.0629
    },
    {
        "Company Name": "FINOVA CAPITAL PRIVATE LIMITED",
        "Group Name": "FINOVA",
        "AK Company": "AKCFL",
        "AK CompanyId": 3,
        "Principal Outstanding": 9.4565,
        "Interest Overdue": 0,
        "Interest Due Today": 0,
        "TrancheAmount": 0,
        "UnutilizedAmount": 5,
        "Single Party Exposure Limit": 80,
        "Single Party Limit Available": 70.5435
    },
    {
        "Company Name": "MAHAVEER FINANCE INDIA LIMITED",
        "Group Name": "MAHAVEER FINANCE",
        "AK Company": "AKCFL",
        "AK CompanyId": 3,
        "Principal Outstanding": 9.375,
        "Interest Overdue": 0,
        "Interest Due Today": 0,
        "TrancheAmount": 0,
        "UnutilizedAmount": 0,
        "Single Party Exposure Limit": 80,
        "Single Party Limit Available": 70.625
    },
    {
        "Company Name": "SATIN CREDITCARE NETWORK LIMITED",
        "Group Name": "SATIN CREDIT",
        "AK Company": "AKCFL",
        "AK CompanyId": 3,
        "Principal Outstanding": 8.6,
        "Interest Overdue": 0,
        "Interest Due Today": 0,
        "TrancheAmount": 0,
        "UnutilizedAmount": 0,
        "Single Party Exposure Limit": 80,
        "Single Party Limit Available": 71.4
    },
    {
        "Company Name": "AGRIM MULTILINK SALES AND TRADING PRIVATE LIMITED",
        "Group Name": "AGRIM MULTILINK SALES AND TRADING PRIVATE LIMITED",
        "AK Company": "AKCFL",
        "AK CompanyId": 3,
        "Principal Outstanding": 8,
        "Interest Overdue": 0,
        "Interest Due Today": 0,
        "TrancheAmount": 0,
        "UnutilizedAmount": 0,
        "Single Party Exposure Limit": 80,
        "Single Party Limit Available": 72
    },
    {
        "Company Name": "INDIAN SCHOOL FINANCE COMPANY PRIVATE LIMITED",
        "Group Name": "INDIAN SCHOOL",
        "AK Company": "AKCFL",
        "AK CompanyId": 3,
        "Principal Outstanding": 7.7151,
        "Interest Overdue": 0,
        "Interest Due Today": 0,
        "TrancheAmount": 0,
        "UnutilizedAmount": 0,
        "Single Party Exposure Limit": 80,
        "Single Party Limit Available": 72.2849
    },
    {
        "Company Name": "YOGAKSHEMAM LOANS LIMITED",
        "Group Name": "YOGAKSHEMAM",
        "AK Company": "AKCFL",
        "AK CompanyId": 3,
        "Principal Outstanding": 7.2728,
        "Interest Overdue": -0.0001,
        "Interest Due Today": 0,
        "TrancheAmount": 0,
        "UnutilizedAmount": 0,
        "Single Party Exposure Limit": 80,
        "Single Party Limit Available": 72.7274
    },
    {
        "Company Name": "GRIC CONSULTANCY INDIA LIMITED",
        "Group Name": "G RAJ INDUSTRIAL CONSULTANCY LIMITED",
        "AK Company": "AKCFL",
        "AK CompanyId": 3,
        "Principal Outstanding": 7,
        "Interest Overdue": 0,
        "Interest Due Today": 0,
        "TrancheAmount": 0,
        "UnutilizedAmount": 3,
        "Single Party Exposure Limit": 80,
        "Single Party Limit Available": 73
    },
    {
        "Company Name": "ESAF SMALL FINANCE BANK LIMITED",
        "Group Name": "ESAF",
        "AK Company": "AKCFL",
        "AK CompanyId": 3,
        "Principal Outstanding": 5.7136,
        "Interest Overdue": 0,
        "Interest Due Today": 0,
        "TrancheAmount": 0,
        "UnutilizedAmount": 0,
        "Single Party Exposure Limit": 80,
        "Single Party Limit Available": 74.2864
    },
    {
        "Company Name": "NESSA LEISURE LIMITED",
        "Group Name": "NEESA",
        "AK Company": "AKCFL",
        "AK CompanyId": 3,
        "Principal Outstanding": 5.6488,
        "Interest Overdue": 0,
        "Interest Due Today": 0,
        "TrancheAmount": 0,
        "UnutilizedAmount": 0,
        "Single Party Exposure Limit": 80,
        "Single Party Limit Available": 74.3512
    },
    {
        "Company Name": "THE KARNATAKA BANK LIMITED",
        "Group Name": "THE KARNATAKA BANK LIMITED",
        "AK Company": "AKCFL",
        "AK CompanyId": 3,
        "Principal Outstanding": 5.5805,
        "Interest Overdue": 0,
        "Interest Due Today": 0,
        "TrancheAmount": 2.786,
        "UnutilizedAmount": 0,
        "Single Party Exposure Limit": 80,
        "Single Party Limit Available": 74.4195
    },
    {
        "Company Name": "J K CEMENT LIMITED",
        "Group Name": "JK",
        "AK Company": "AKCFL",
        "AK CompanyId": 3,
        "Principal Outstanding": 5.0685,
        "Interest Overdue": 0,
        "Interest Due Today": 0,
        "TrancheAmount": 0,
        "UnutilizedAmount": 0,
        "Single Party Exposure Limit": 80,
        "Single Party Limit Available": 74.9315
    },
    {
        "Company Name": "HOUSING AND URBAN DEVELOPMENT CORPORATION LTD",
        "Group Name": "HUDCO",
        "AK Company": "AKCFL",
        "AK CompanyId": 3,
        "Principal Outstanding": 5.0354,
        "Interest Overdue": 0,
        "Interest Due Today": 0,
        "TrancheAmount": 0,
        "UnutilizedAmount": 0,
        "Single Party Exposure Limit": 80,
        "Single Party Limit Available": 74.9646
    },
    {
        "Company Name": "CHOLAMANDALAM MS GENERAL INSURANCE COMPANY LIMITED",
        "Group Name": "MURUGAPPA",
        "AK Company": "AKCFL",
        "AK CompanyId": 3,
        "Principal Outstanding": 4.923,
        "Interest Overdue": 0,
        "Interest Due Today": 0,
        "TrancheAmount": -0.4721,
        "UnutilizedAmount": 0,
        "Single Party Exposure Limit": 80,
        "Single Party Limit Available": 75.077
    },
    {
        "Company Name": "OXYZO FINANCIAL SERVICES PRIVATE LIMITED",
        "Group Name": "OFB TECH PRIVATE LIMITED",
        "AK Company": "AKCFL",
        "AK CompanyId": 3,
        "Principal Outstanding": 4.2857,
        "Interest Overdue": 0,
        "Interest Due Today": 0,
        "TrancheAmount": 0,
        "UnutilizedAmount": 15,
        "Single Party Exposure Limit": 80,
        "Single Party Limit Available": 75.7143
    },
    {
        "Company Name": "ELECTRONICA FINANCE LIMITED",
        "Group Name": "ELECTRONICA",
        "AK Company": "AKCFL",
        "AK CompanyId": 3,
        "Principal Outstanding": 4,
        "Interest Overdue": 0.0003,
        "Interest Due Today": 0,
        "TrancheAmount": 0,
        "UnutilizedAmount": 0,
        "Single Party Exposure Limit": 80,
        "Single Party Limit Available": 75.9997
    },
    {
        "Company Name": "BANSAL CREDITS LIMITED",
        "Group Name": "BANSAL",
        "AK Company": "AKCFL",
        "AK CompanyId": 3,
        "Principal Outstanding": 3.5,
        "Interest Overdue": 0,
        "Interest Due Today": 0,
        "TrancheAmount": 0,
        "UnutilizedAmount": 5,
        "Single Party Exposure Limit": 80,
        "Single Party Limit Available": 76.5
    },
    {
        "Company Name": "ORANGE RETAIL FINANCE PRIVATE LIMITED",
        "Group Name": "ORANGE",
        "AK Company": "AKCFL",
        "AK CompanyId": 3,
        "Principal Outstanding": 3.5,
        "Interest Overdue": 0,
        "Interest Due Today": 0,
        "TrancheAmount": 0,
        "UnutilizedAmount": 6,
        "Single Party Exposure Limit": 80,
        "Single Party Limit Available": 76.5
    },
    {
        "Company Name": "HABITAT MICRO BUILD INDIA HOUSING FINANCE COMPANY PRIVATE LIMITED",
        "Group Name": "HABITAT",
        "AK Company": "AKCFL",
        "AK CompanyId": 3,
        "Principal Outstanding": 3.3824,
        "Interest Overdue": 0,
        "Interest Due Today": 0,
        "TrancheAmount": 0,
        "UnutilizedAmount": 0,
        "Single Party Exposure Limit": 80,
        "Single Party Limit Available": 76.6176
    },
    {
        "Company Name": "PUNJAB NATIONAL BANK",
        "Group Name": "PNB",
        "AK Company": "AKCFL",
        "AK CompanyId": 3,
        "Principal Outstanding": 3.0863,
        "Interest Overdue": 0,
        "Interest Due Today": 0,
        "TrancheAmount": 0,
        "UnutilizedAmount": 0,
        "Single Party Exposure Limit": 80,
        "Single Party Limit Available": 76.9137
    },
    {
        "Company Name": "UP POWER CORPORATION LIMITED",
        "Group Name": "UP POWER",
        "AK Company": "AKCFL",
        "AK CompanyId": 3,
        "Principal Outstanding": 2.9846,
        "Interest Overdue": 0,
        "Interest Due Today": 0,
        "TrancheAmount": 0,
        "UnutilizedAmount": 0,
        "Single Party Exposure Limit": 80,
        "Single Party Limit Available": 77.0154
    },
    {
        "Company Name": "INDUSIND BANK LIMITED",
        "Group Name": "HINDUJA GROUP",
        "AK Company": "AKCFL",
        "AK CompanyId": 3,
        "Principal Outstanding": 2.1791,
        "Interest Overdue": 0,
        "Interest Due Today": 0,
        "TrancheAmount": -0.4989,
        "UnutilizedAmount": 0,
        "Single Party Exposure Limit": 80,
        "Single Party Limit Available": 77.8209
    },
    {
        "Company Name": "URBAN LIVING FINANCE PRIVATE LIMITED",
        "Group Name": "URBAN LIVING",
        "AK Company": "AKCFL",
        "AK CompanyId": 3,
        "Principal Outstanding": 2.1176,
        "Interest Overdue": 0,
        "Interest Due Today": 0,
        "TrancheAmount": 0,
        "UnutilizedAmount": 0,
        "Single Party Exposure Limit": 80,
        "Single Party Limit Available": 77.8824
    },
    {
        "Company Name": "UP MONEY LIMITED",
        "Group Name": "UP MONEY LIMITED",
        "AK Company": "AKCFL",
        "AK CompanyId": 3,
        "Principal Outstanding": 2.0417,
        "Interest Overdue": 0,
        "Interest Due Today": 0,
        "TrancheAmount": 0,
        "UnutilizedAmount": 0,
        "Single Party Exposure Limit": 80,
        "Single Party Limit Available": 77.9583
    },
    {
        "Company Name": "APHELION FINANCE PRIVATE LIMITED",
        "Group Name": "APHELION FINANCE PRIVATE LIMITED",
        "AK Company": "AKCFL",
        "AK CompanyId": 3,
        "Principal Outstanding": 1.9766,
        "Interest Overdue": 0,
        "Interest Due Today": 0,
        "TrancheAmount": 0,
        "UnutilizedAmount": 0,
        "Single Party Exposure Limit": 80,
        "Single Party Limit Available": 78.0234
    },
    {
        "Company Name": "NAMDEV FINVEST PRIVATE LIMITED",
        "Group Name": "NAMDEV FINVEST",
        "AK Company": "AKCFL",
        "AK CompanyId": 3,
        "Principal Outstanding": 1.6667,
        "Interest Overdue": 0,
        "Interest Due Today": 0,
        "TrancheAmount": 0,
        "UnutilizedAmount": 0,
        "Single Party Exposure Limit": 80,
        "Single Party Limit Available": 78.3333
    },
    {
        "Company Name": "ANDHRA PRADESH CAPITAL REGION DEVELOPMENT AUTHORITY",
        "Group Name": "APCRDA",
        "AK Company": "AKCFL",
        "AK CompanyId": 3,
        "Principal Outstanding": 1.3812,
        "Interest Overdue": 0,
        "Interest Due Today": 0,
        "TrancheAmount": 0,
        "UnutilizedAmount": 0,
        "Single Party Exposure Limit": 80,
        "Single Party Limit Available": 78.6188
    },
    {
        "Company Name": "UPHAR FINVEST PRIVATE LIMITED",
        "Group Name": "UPHAR FINVEST",
        "AK Company": "AKCFL",
        "AK CompanyId": 3,
        "Principal Outstanding": 1.2593,
        "Interest Overdue": 0,
        "Interest Due Today": 0,
        "TrancheAmount": 0,
        "UnutilizedAmount": 0,
        "Single Party Exposure Limit": 80,
        "Single Party Limit Available": 78.7407
    },
    {
        "Company Name": "NATIONAL HIGHWAYS AUTHORITY OF INDIA",
        "Group Name": "NHAI",
        "AK Company": "AKCFL",
        "AK CompanyId": 3,
        "Principal Outstanding": 1.1994,
        "Interest Overdue": 0,
        "Interest Due Today": 0,
        "TrancheAmount": -0.0087,
        "UnutilizedAmount": 0,
        "Single Party Exposure Limit": 80,
        "Single Party Limit Available": 78.8006
    },
    {
        "Company Name": "STATE BANK OF INDIA",
        "Group Name": "STATE BANK GROUP",
        "AK Company": "AKCFL",
        "AK CompanyId": 3,
        "Principal Outstanding": 0.9101,
        "Interest Overdue": 0,
        "Interest Due Today": 0,
        "TrancheAmount": -0.2034,
        "UnutilizedAmount": 0,
        "Single Party Exposure Limit": 80,
        "Single Party Limit Available": 79.0899
    },
    {
        "Company Name": "THE TATA POWER COMPANY LIMITED",
        "Group Name": "TATA",
        "AK Company": "AKCFL",
        "AK CompanyId": 3,
        "Principal Outstanding": 0.5125,
        "Interest Overdue": 0,
        "Interest Due Today": 0,
        "TrancheAmount": 0.3074,
        "UnutilizedAmount": 0,
        "Single Party Exposure Limit": 80,
        "Single Party Limit Available": 79.4875
    },
    {
        "Company Name": "RELIANCE MUTUAL FUND R SHARES LONG TERM GILT ETF",
        "Group Name": "RELIANCE",
        "AK Company": "AKCFL",
        "AK CompanyId": 3,
        "Principal Outstanding": 0.5019,
        "Interest Overdue": 0,
        "Interest Due Today": 0,
        "TrancheAmount": 0,
        "UnutilizedAmount": 0,
        "Single Party Exposure Limit": 80,
        "Single Party Limit Available": 79.4981
    },
    {
        "Company Name": "CHETANA FINANCIAL SERVICES LIMITED",
        "Group Name": "CHETANA FINANCIAL SERVICES LIMITED",
        "AK Company": "AKCFL",
        "AK CompanyId": 3,
        "Principal Outstanding": 0.3333,
        "Interest Overdue": 0,
        "Interest Due Today": 0,
        "TrancheAmount": 0,
        "UnutilizedAmount": 0,
        "Single Party Exposure Limit": 80,
        "Single Party Limit Available": 79.6667
    },
    {
        "Company Name": "INDIA INFRASTRUCTURE FINANCE COMPANY LIMITED",
        "Group Name": "IIFCL",
        "AK Company": "AKCFL",
        "AK CompanyId": 3,
        "Principal Outstanding": 0.2601,
        "Interest Overdue": 0,
        "Interest Due Today": 0,
        "TrancheAmount": 0,
        "UnutilizedAmount": 0,
        "Single Party Exposure Limit": 80,
        "Single Party Limit Available": 79.7399
    },
    {
        "Company Name": "ICICI BANK LIMITED",
        "Group Name": "ICICI BANK",
        "AK Company": "AKCFL",
        "AK CompanyId": 3,
        "Principal Outstanding": 0.099,
        "Interest Overdue": 0,
        "Interest Due Today": 0,
        "TrancheAmount": 0,
        "UnutilizedAmount": 0,
        "Single Party Exposure Limit": 80,
        "Single Party Limit Available": 79.901
    },
    {
        "Company Name": "INDIAN RAILWAY FINANCE CORPORATION LIMITED",
        "Group Name": "INDIAN RAILWAYS",
        "AK Company": "AKCFL",
        "AK CompanyId": 3,
        "Principal Outstanding": 0.0828,
        "Interest Overdue": 0,
        "Interest Due Today": 0,
        "TrancheAmount": 0,
        "UnutilizedAmount": 0,
        "Single Party Exposure Limit": 80,
        "Single Party Limit Available": 79.9172
    },
    {
        "Company Name": "MUTHOOT FINANCE LIMITED",
        "Group Name": "MUTHOOT",
        "AK Company": "AKCFL",
        "AK CompanyId": 3,
        "Principal Outstanding": 0.0795,
        "Interest Overdue": 0,
        "Interest Due Today": 0,
        "TrancheAmount": 0,
        "UnutilizedAmount": 0,
        "Single Party Exposure Limit": 80,
        "Single Party Limit Available": 79.9205
    },
    {
        "Company Name": "INDIAN RENEWABLE ENERGY DEVELOPMENT AGENCY LIMITED",
        "Group Name": "IREDAL",
        "AK Company": "AKCFL",
        "AK CompanyId": 3,
        "Principal Outstanding": 0.0223,
        "Interest Overdue": 0,
        "Interest Due Today": 0,
        "TrancheAmount": 0,
        "UnutilizedAmount": 0,
        "Single Party Exposure Limit": 80,
        "Single Party Limit Available": 79.9777
    },
    {
        "Company Name": "KOTAK INFRASTRUCTURE DEBT FUND",
        "Group Name": "KOTAK GROUP",
        "AK Company": "AKCFL",
        "AK CompanyId": 3,
        "Principal Outstanding": 0,
        "Interest Overdue": 0,
        "Interest Due Today": 0,
        "TrancheAmount": 0,
        "UnutilizedAmount": 90,
        "Single Party Exposure Limit": 80,
        "Single Party Limit Available": 80
    },
    {
        "Company Name": "FUTURE ENTERPRISES LIMITED",
        "Group Name": "FUTURE",
        "AK Company": "AKCFL",
        "AK CompanyId": 3,
        "Principal Outstanding": 0,
        "Interest Overdue": 0,
        "Interest Due Today": 0,
        "TrancheAmount": 0,
        "UnutilizedAmount": 30,
        "Single Party Exposure Limit": 80,
        "Single Party Limit Available": 80
    },
    {
        "Company Name": "TATA CAPITAL FINANCIAL SERVICES LIMITED",
        "Group Name": "TATA",
        "AK Company": "AKCFL",
        "AK CompanyId": 3,
        "Principal Outstanding": 0,
        "Interest Overdue": 0,
        "Interest Due Today": 0,
        "TrancheAmount": 0,
        "UnutilizedAmount": 130,
        "Single Party Exposure Limit": 80,
        "Single Party Limit Available": 80
    },
    {
        "Company Name": "THE NATIONAL BANK FOR AGRICULTURE AND RURAL DEVELOPMENT",
        "Group Name": "NABARD",
        "AK Company": "AKCFL",
        "AK CompanyId": 3,
        "Principal Outstanding": 0,
        "Interest Overdue": 0,
        "Interest Due Today": 0,
        "TrancheAmount": 0,
        "UnutilizedAmount": 75,
        "Single Party Exposure Limit": 80,
        "Single Party Limit Available": 80
    },
    {
        "Company Name": "SHAMKEN SPINNERS LIMITED",
        "Group Name": "SHAMKEN",
        "AK Company": "AKCSL",
        "AK CompanyId": 1,
        "Principal Outstanding": 0.0009,
        "Interest Overdue": 0,
        "Interest Due Today": 0,
        "TrancheAmount": 0,
        "UnutilizedAmount": 0,
        "Single Party Exposure Limit": 0,
        "Single Party Limit Available": 0
    },
    {
        "Company Name": "SHRIRAM TRANSPORT FINANCE COMPANY LTD",
        "Group Name": "SHRIRAM",
        "AK Company": "AKCSL",
        "AK CompanyId": 1,
        "Principal Outstanding": 34.9051,
        "Interest Overdue": 0,
        "Interest Due Today": 0,
        "TrancheAmount": 0,
        "UnutilizedAmount": 0,
        "Single Party Exposure Limit": 0,
        "Single Party Limit Available": 0
    },
    {
        "Company Name": "FIVE-STAR BUSINESS FINANCE LIMITED",
        "Group Name": "FIVE STAR",
        "AK Company": "AKCSL",
        "AK CompanyId": 1,
        "Principal Outstanding": 30,
        "Interest Overdue": 0,
        "Interest Due Today": 0,
        "TrancheAmount": 0,
        "UnutilizedAmount": 0,
        "Single Party Exposure Limit": 0,
        "Single Party Limit Available": 0
    },
    {
        "Company Name": "CHOLAMANDALAM INVESTMENT AND FINANCE COMPANY LTD",
        "Group Name": "CHOLMANDALAM",
        "AK Company": "AKCSL",
        "AK CompanyId": 1,
        "Principal Outstanding": 4.0008,
        "Interest Overdue": 0,
        "Interest Due Today": 0,
        "TrancheAmount": 0,
        "UnutilizedAmount": 0,
        "Single Party Exposure Limit": 0,
        "Single Party Limit Available": 0
    },
    {
        "Company Name": "MENTOR HOME LOANS INDIA LIMITED",
        "Group Name": "MENTOR",
        "AK Company": "AKCSL",
        "AK CompanyId": 1,
        "Principal Outstanding": 5,
        "Interest Overdue": 0,
        "Interest Due Today": 0,
        "TrancheAmount": 0,
        "UnutilizedAmount": 0,
        "Single Party Exposure Limit": 0,
        "Single Party Limit Available": 0
    },
    {
        "Company Name": "LIC HOUSING FINANCE LIMITED",
        "Group Name": "LIC",
        "AK Company": "AKCSL",
        "AK CompanyId": 1,
        "Principal Outstanding": 25,
        "Interest Overdue": 0,
        "Interest Due Today": 0,
        "TrancheAmount": -25.005,
        "UnutilizedAmount": 0,
        "Single Party Exposure Limit": 0,
        "Single Party Limit Available": 0
    },
    {
        "Company Name": "NATIONAL HIGHWAYS AUTHORITY OF INDIA",
        "Group Name": "NHAI",
        "AK Company": "AKCSL",
        "AK CompanyId": 1,
        "Principal Outstanding": 0.1,
        "Interest Overdue": 0,
        "Interest Due Today": 0,
        "TrancheAmount": 0,
        "UnutilizedAmount": 0,
        "Single Party Exposure Limit": 0,
        "Single Party Limit Available": 0
    },
    {
        "Company Name": "NESSA LEISURE LIMITED",
        "Group Name": "NEESA",
        "AK Company": "AKCSL",
        "AK CompanyId": 1,
        "Principal Outstanding": 6.81,
        "Interest Overdue": 0,
        "Interest Due Today": 0,
        "TrancheAmount": 0,
        "UnutilizedAmount": 0,
        "Single Party Exposure Limit": 0,
        "Single Party Limit Available": 0
    },
    {
        "Company Name": "PENINSULA LAND LIMITED",
        "Group Name": "PENINSULA",
        "AK Company": "AKSPL",
        "AK CompanyId": 2,
        "Principal Outstanding": 0.0928,
        "Interest Overdue": 0,
        "Interest Due Today": 0,
        "TrancheAmount": 0,
        "UnutilizedAmount": 0,
        "Single Party Exposure Limit": 0,
        "Single Party Limit Available": 0
    },
    {
        "Company Name": "M SQUARE AUTOMOBILE PRIVATE LIMITED",
        "Group Name": "M SQUARE",
        "AK Company": "AKSPL",
        "AK CompanyId": 2,
        "Principal Outstanding": 3.5,
        "Interest Overdue": 0,
        "Interest Due Today": 0,
        "TrancheAmount": 0,
        "UnutilizedAmount": 0,
        "Single Party Exposure Limit": 0,
        "Single Party Limit Available": 0
    },
    {
        "Company Name": "JOINDRE CAPITAL SERVICES LIMITED",
        "Group Name": "JOINDRE",
        "AK Company": "AKSPL",
        "AK CompanyId": 2,
        "Principal Outstanding": 0.0509,
        "Interest Overdue": 0,
        "Interest Due Today": 0,
        "TrancheAmount": 0,
        "UnutilizedAmount": 0,
        "Single Party Exposure Limit": 0,
        "Single Party Limit Available": 0
    },
    {
        "Company Name": "ICICI BANK LIMITED",
        "Group Name": "ICICI BANK",
        "AK Company": "AKSPL",
        "AK CompanyId": 2,
        "Principal Outstanding": 0,
        "Interest Overdue": 0,
        "Interest Due Today": 0,
        "TrancheAmount": 0,
        "UnutilizedAmount": 0,
        "Single Party Exposure Limit": 0,
        "Single Party Limit Available": 0
    },
    {
        "Company Name": "DEWAN HOUSING FINANCE CORPORATION LIMITED",
        "Group Name": "DEWAN",
        "AK Company": "AKSPL",
        "AK CompanyId": 2,
        "Principal Outstanding": 2.925,
        "Interest Overdue": 0,
        "Interest Due Today": 0,
        "TrancheAmount": 0,
        "UnutilizedAmount": 0,
        "Single Party Exposure Limit": 0,
        "Single Party Limit Available": 0
    },
    {
        "Company Name": "EIH LIMITED",
        "Group Name": "EIH",
        "AK Company": "AKSPL",
        "AK CompanyId": 2,
        "Principal Outstanding": 0.0344,
        "Interest Overdue": 0,
        "Interest Due Today": 0,
        "TrancheAmount": 0,
        "UnutilizedAmount": 0,
        "Single Party Exposure Limit": 0,
        "Single Party Limit Available": 0
    },
    {
        "Company Name": "CAPEVIEW INVESTMENTS MANAGERS LIMITED",
        "Group Name": "CAPEVIEW ",
        "AK Company": "AKSPL",
        "AK CompanyId": 2,
        "Principal Outstanding": 0.0018,
        "Interest Overdue": 0,
        "Interest Due Today": 0,
        "TrancheAmount": 0,
        "UnutilizedAmount": 0,
        "Single Party Exposure Limit": 0,
        "Single Party Limit Available": 0
    },
    {
        "Company Name": "ELECTROSTEEL CASTINGS LTD",
        "Group Name": "ELECTROSTEEL",
        "AK Company": "AKSPL",
        "AK CompanyId": 2,
        "Principal Outstanding": 0.028,
        "Interest Overdue": 0,
        "Interest Due Today": 0,
        "TrancheAmount": 0,
        "UnutilizedAmount": 0,
        "Single Party Exposure Limit": 0,
        "Single Party Limit Available": 0
    },
    {
        "Company Name": "PUNJ LLOYD LIMITED",
        "Group Name": "PUNJ LLOYD",
        "AK Company": "AKSPL",
        "AK CompanyId": 2,
        "Principal Outstanding": 0.3756,
        "Interest Overdue": 0,
        "Interest Due Today": 0,
        "TrancheAmount": 0,
        "UnutilizedAmount": 0,
        "Single Party Exposure Limit": 0,
        "Single Party Limit Available": 0
    },
    {
        "Company Name": "UCO BANK",
        "Group Name": "UCO BANK",
        "AK Company": "AKSPL",
        "AK CompanyId": 2,
        "Principal Outstanding": 0.0479,
        "Interest Overdue": 0,
        "Interest Due Today": 0,
        "TrancheAmount": 0,
        "UnutilizedAmount": 0,
        "Single Party Exposure Limit": 0,
        "Single Party Limit Available": 0
    },
    {
        "Company Name": "VARDHMAN POLYTEX LIMITED",
        "Group Name": "VARDHMAN",
        "AK Company": "AKSPL",
        "AK CompanyId": 2,
        "Principal Outstanding": 0.0388,
        "Interest Overdue": 0,
        "Interest Due Today": 0,
        "TrancheAmount": 0,
        "UnutilizedAmount": 0,
        "Single Party Exposure Limit": 0,
        "Single Party Limit Available": 0
    },
    {
        "Company Name": "WELSPUN ENTERPRISES LIMITED",
        "Group Name": "WELSPUN",
        "AK Company": "AKSPL",
        "AK CompanyId": 2,
        "Principal Outstanding": 0.02,
        "Interest Overdue": 0,
        "Interest Due Today": 0,
        "TrancheAmount": 0,
        "UnutilizedAmount": 0,
        "Single Party Exposure Limit": 0,
        "Single Party Limit Available": 0
    },
    {
        "Company Name": "YASHRAJ CONTAINEURS LIMITED",
        "Group Name": "YASHRAJ",
        "AK Company": "AKSPL",
        "AK CompanyId": 2,
        "Principal Outstanding": 1.9,
        "Interest Overdue": 0,
        "Interest Due Today": 0,
        "TrancheAmount": 0,
        "UnutilizedAmount": 0,
        "Single Party Exposure Limit": 0,
        "Single Party Limit Available": 0
    },
    {
        "Company Name": "UCO BANK",
        "Group Name": "UCO BANK",
        "AK Company": "AKSPLTD",
        "AK CompanyId": 6,
        "Principal Outstanding": 1.0883,
        "Interest Overdue": 0,
        "Interest Due Today": 0,
        "TrancheAmount": 0,
        "UnutilizedAmount": 0,
        "Single Party Exposure Limit": 0,
        "Single Party Limit Available": 0
    },
    {
        "Company Name": "SHRIRAM TRANSPORT FINANCE COMPANY LTD",
        "Group Name": "SHRIRAM",
        "AK Company": "AKSPLTD",
        "AK CompanyId": 6,
        "Principal Outstanding": 32.1064,
        "Interest Overdue": 0,
        "Interest Due Today": 0,
        "TrancheAmount": 0,
        "UnutilizedAmount": 0,
        "Single Party Exposure Limit": 0,
        "Single Party Limit Available": 0
    },
    {
        "Company Name": "SHRIRAM TRANSPORT FINANCE COMPANY LTD",
        "Group Name": "SHRIRAM",
        "AK Company": "AKWMPL",
        "AK CompanyId": 9,
        "Principal Outstanding": 3.801,
        "Interest Overdue": 0,
        "Interest Due Today": 0,
        "TrancheAmount": 0,
        "UnutilizedAmount": 0,
        "Single Party Exposure Limit": 0,
        "Single Party Limit Available": 0
    },
    {
        "Company Name": "SHRIRAM TRANSPORT FINANCE COMPANY LTD",
        "Group Name": "SHRIRAM",
        "AK Company": "FHFPL",
        "AK CompanyId": 10,
        "Principal Outstanding": 6,
        "Interest Overdue": 0,
        "Interest Due Today": 0,
        "TrancheAmount": 0,
        "UnutilizedAmount": 0,
        "Single Party Exposure Limit": 0,
        "Single Party Limit Available": 0
    }
]