[
    {
        "Group Name": "GOI",
        "AK Company": "AKCFL",
        "AK CompanyId": 3,
        "Principal Outstanding": 129.7836,
        "Interest Overdue": 0,
        "Interest Due Today": 0,
        "TrancheAmount": 0,
        "UnutilizedAmount": 0,
        "Group Exposure Limit": 0,
        "Group Limit Available": 0
    },
    {
        "Group Name": "SHRIRAM",
        "AK Company": "AKCFL",
        "AK CompanyId": 3,
        "Principal Outstanding": 130.542,
        "Interest Overdue": 0,
        "Interest Due Today": 0,
        "TrancheAmount": -24.2664,
        "UnutilizedAmount": 0,
        "Group Exposure Limit": 135,
        "Group Limit Available": 4.458
    },
    {
        "Group Name": "FIVE STAR",
        "AK Company": "AKCFL",
        "AK CompanyId": 3,
        "Principal Outstanding": 82.3163,
        "Interest Overdue": 0,
        "Interest Due Today": 0,
        "TrancheAmount": -0.2045,
        "UnutilizedAmount": 0,
        "Group Exposure Limit": 135,
        "Group Limit Available": 52.6837
    },
    {
        "Group Name": "INDIABULLS",
        "AK Company": "AKCFL",
        "AK CompanyId": 3,
        "Principal Outstanding": 75.424,
        "Interest Overdue": 0,
        "Interest Due Today": 0,
        "TrancheAmount": 0,
        "UnutilizedAmount": 0,
        "Group Exposure Limit": 135,
        "Group Limit Available": 59.576
    },
    {
        "Group Name": "ALTICO",
        "AK Company": "AKCFL",
        "AK CompanyId": 3,
        "Principal Outstanding": 73.1019,
        "Interest Overdue": 0,
        "Interest Due Today": 0,
        "TrancheAmount": 0,
        "UnutilizedAmount": 0,
        "Group Exposure Limit": 135,
        "Group Limit Available": 61.8981
    },
    {
        "Group Name": "FUTURE",
        "AK Company": "AKCFL",
        "AK CompanyId": 3,
        "Principal Outstanding": 67.7823,
        "Interest Overdue": 0,
        "Interest Due Today": 0,
        "TrancheAmount": 0,
        "UnutilizedAmount": 50,
        "Group Exposure Limit": 135,
        "Group Limit Available": 67.2177
    },
    {
        "Group Name": "KALPATARU GROUP",
        "AK Company": "AKCFL",
        "AK CompanyId": 3,
        "Principal Outstanding": 62.5,
        "Interest Overdue": 0,
        "Interest Due Today": 0,
        "TrancheAmount": 0,
        "UnutilizedAmount": 0,
        "Group Exposure Limit": 135,
        "Group Limit Available": 72.5
    },
    {
        "Group Name": "KOTAK GROUP",
        "AK Company": "AKCFL",
        "AK CompanyId": 3,
        "Principal Outstanding": 62.5,
        "Interest Overdue": 0,
        "Interest Due Today": 0,
        "TrancheAmount": 0,
        "UnutilizedAmount": 90,
        "Group Exposure Limit": 135,
        "Group Limit Available": 72.5
    },
    {
        "Group Name": "JANA SMALL FINANCE BANK",
        "AK Company": "AKCFL",
        "AK CompanyId": 3,
        "Principal Outstanding": 60.2704,
        "Interest Overdue": 0,
        "Interest Due Today": 0,
        "TrancheAmount": 0,
        "UnutilizedAmount": 0,
        "Group Exposure Limit": 135,
        "Group Limit Available": 74.7296
    },
    {
        "Group Name": "APTUS",
        "AK Company": "AKCFL",
        "AK CompanyId": 3,
        "Principal Outstanding": 50,
        "Interest Overdue": 0,
        "Interest Due Today": 0,
        "TrancheAmount": 0,
        "UnutilizedAmount": 0,
        "Group Exposure Limit": 135,
        "Group Limit Available": 85
    },
    {
        "Group Name": "HDFC",
        "AK Company": "AKCFL",
        "AK CompanyId": 3,
        "Principal Outstanding": 49.9785,
        "Interest Overdue": 0,
        "Interest Due Today": 0,
        "TrancheAmount": 0.2091,
        "UnutilizedAmount": 0,
        "Group Exposure Limit": 135,
        "Group Limit Available": 85.0216
    },
    {
        "Group Name": "SOUTH INDIAN BANK",
        "AK Company": "AKCFL",
        "AK CompanyId": 3,
        "Principal Outstanding": 44.8531,
        "Interest Overdue": 0,
        "Interest Due Today": 0,
        "TrancheAmount": 0,
        "UnutilizedAmount": -0.202,
        "Group Exposure Limit": 135,
        "Group Limit Available": 90.1469
    },
    {
        "Group Name": "MANAPPURAM",
        "AK Company": "AKCFL",
        "AK CompanyId": 3,
        "Principal Outstanding": 44.2533,
        "Interest Overdue": -0.0148,
        "Interest Due Today": 0,
        "TrancheAmount": 0,
        "UnutilizedAmount": -37.5,
        "Group Exposure Limit": 135,
        "Group Limit Available": 90.7615
    },
    {
        "Group Name": "PURANIK BUILDERS",
        "AK Company": "AKCFL",
        "AK CompanyId": 3,
        "Principal Outstanding": 42.7335,
        "Interest Overdue": 0,
        "Interest Due Today": 0,
        "TrancheAmount": 0,
        "UnutilizedAmount": 8.2931,
        "Group Exposure Limit": 135,
        "Group Limit Available": 92.2665
    },
    {
        "Group Name": "ESSKAY",
        "AK Company": "AKCFL",
        "AK CompanyId": 3,
        "Principal Outstanding": 40.6539,
        "Interest Overdue": -0.0004,
        "Interest Due Today": 0,
        "TrancheAmount": 0,
        "UnutilizedAmount": 0,
        "Group Exposure Limit": 135,
        "Group Limit Available": 94.3466
    },
    {
        "Group Name": "PFC",
        "AK Company": "AKCFL",
        "AK CompanyId": 3,
        "Principal Outstanding": 40.5029,
        "Interest Overdue": 0,
        "Interest Due Today": 0,
        "TrancheAmount": 35.3993,
        "UnutilizedAmount": 0,
        "Group Exposure Limit": 135,
        "Group Limit Available": 94.4971
    },
    {
        "Group Name": "NABARD",
        "AK Company": "AKCFL",
        "AK CompanyId": 3,
        "Principal Outstanding": 36.1952,
        "Interest Overdue": 0.0001,
        "Interest Due Today": 0,
        "TrancheAmount": -35.9538,
        "UnutilizedAmount": 75,
        "Group Exposure Limit": 135,
        "Group Limit Available": 98.8047
    },
    {
        "Group Name": "KANAKADURGA",
        "AK Company": "AKCFL",
        "AK CompanyId": 3,
        "Principal Outstanding": 29.8109,
        "Interest Overdue": -0.0019,
        "Interest Due Today": 0,
        "TrancheAmount": 0,
        "UnutilizedAmount": 0,
        "Group Exposure Limit": 135,
        "Group Limit Available": 105.191
    },
    {
        "Group Name": "REC",
        "AK Company": "AKCFL",
        "AK CompanyId": 3,
        "Principal Outstanding": 28.0696,
        "Interest Overdue": 0,
        "Interest Due Today": 0,
        "TrancheAmount": -20.2073,
        "UnutilizedAmount": 0,
        "Group Exposure Limit": 135,
        "Group Limit Available": 106.9304
    },
    {
        "Group Name": "CASPIAN",
        "AK Company": "AKCFL",
        "AK CompanyId": 3,
        "Principal Outstanding": 27.5,
        "Interest Overdue": 0,
        "Interest Due Today": 0,
        "TrancheAmount": 0,
        "UnutilizedAmount": 0,
        "Group Exposure Limit": 135,
        "Group Limit Available": 107.5
    },
    {
        "Group Name": "VERITAS",
        "AK Company": "AKCFL",
        "AK CompanyId": 3,
        "Principal Outstanding": 25.6607,
        "Interest Overdue": 0,
        "Interest Due Today": 0,
        "TrancheAmount": 0,
        "UnutilizedAmount": 0,
        "Group Exposure Limit": 135,
        "Group Limit Available": 109.3393
    },
    {
        "Group Name": "IOB",
        "AK Company": "AKCFL",
        "AK CompanyId": 3,
        "Principal Outstanding": 25.54,
        "Interest Overdue": 0,
        "Interest Due Today": 0,
        "TrancheAmount": -0.2094,
        "UnutilizedAmount": 0,
        "Group Exposure Limit": 135,
        "Group Limit Available": 109.46
    },
    {
        "Group Name": "SURYODAY",
        "AK Company": "AKCFL",
        "AK CompanyId": 3,
        "Principal Outstanding": 24.9617,
        "Interest Overdue": 0,
        "Interest Due Today": 0,
        "TrancheAmount": 0,
        "UnutilizedAmount": 0,
        "Group Exposure Limit": 135,
        "Group Limit Available": 110.0383
    },
    {
        "Group Name": "UNITED BANK ",
        "AK Company": "AKCFL",
        "AK CompanyId": 3,
        "Principal Outstanding": 24.1306,
        "Interest Overdue": 0,
        "Interest Due Today": 0,
        "TrancheAmount": 0,
        "UnutilizedAmount": 0,
        "Group Exposure Limit": 135,
        "Group Limit Available": 110.8694
    },
    {
        "Group Name": "MEHTA GROUP",
        "AK Company": "AKCFL",
        "AK CompanyId": 3,
        "Principal Outstanding": 22.5948,
        "Interest Overdue": 0,
        "Interest Due Today": 0,
        "TrancheAmount": 0,
        "UnutilizedAmount": 0.0216,
        "Group Exposure Limit": 135,
        "Group Limit Available": 112.4052
    },
    {
        "Group Name": "FLEXILOAN",
        "AK Company": "AKCFL",
        "AK CompanyId": 3,
        "Principal Outstanding": 20.2,
        "Interest Overdue": 0,
        "Interest Due Today": 0,
        "TrancheAmount": 0,
        "UnutilizedAmount": 0,
        "Group Exposure Limit": 135,
        "Group Limit Available": 114.8
    },
    {
        "Group Name": "MUTHOOT",
        "AK Company": "AKCFL",
        "AK CompanyId": 3,
        "Principal Outstanding": 19.4835,
        "Interest Overdue": 0,
        "Interest Due Today": 0,
        "TrancheAmount": 0,
        "UnutilizedAmount": 0,
        "Group Exposure Limit": 135,
        "Group Limit Available": 115.5165
    },
    {
        "Group Name": "SHUBHAM",
        "AK Company": "AKCFL",
        "AK CompanyId": 3,
        "Principal Outstanding": 17.5001,
        "Interest Overdue": -0.0005,
        "Interest Due Today": 0,
        "TrancheAmount": 0,
        "UnutilizedAmount": 0,
        "Group Exposure Limit": 135,
        "Group Limit Available": 117.5004
    },
    {
        "Group Name": "VASTU",
        "AK Company": "AKCFL",
        "AK CompanyId": 3,
        "Principal Outstanding": 17.3077,
        "Interest Overdue": -0.0016,
        "Interest Due Today": 0,
        "TrancheAmount": 0,
        "UnutilizedAmount": 0,
        "Group Exposure Limit": 135,
        "Group Limit Available": 117.6939
    },
    {
        "Group Name": "FINCARE",
        "AK Company": "AKCFL",
        "AK CompanyId": 3,
        "Principal Outstanding": 17.2,
        "Interest Overdue": 0,
        "Interest Due Today": 0,
        "TrancheAmount": 0,
        "UnutilizedAmount": 0,
        "Group Exposure Limit": 135,
        "Group Limit Available": 117.8
    },
    {
        "Group Name": "SRG",
        "AK Company": "AKCFL",
        "AK CompanyId": 3,
        "Principal Outstanding": 16.8105,
        "Interest Overdue": 0.0003,
        "Interest Due Today": 0,
        "TrancheAmount": 0,
        "UnutilizedAmount": 0,
        "Group Exposure Limit": 135,
        "Group Limit Available": 118.1892
    },
    {
        "Group Name": "KOGTA",
        "AK Company": "AKCFL",
        "AK CompanyId": 3,
        "Principal Outstanding": 16.125,
        "Interest Overdue": 0,
        "Interest Due Today": 0,
        "TrancheAmount": 0,
        "UnutilizedAmount": 0,
        "Group Exposure Limit": 135,
        "Group Limit Available": 118.875
    },
    {
        "Group Name": "CHOLMANDALAM",
        "AK Company": "AKCFL",
        "AK CompanyId": 3,
        "Principal Outstanding": 14.4017,
        "Interest Overdue": 0,
        "Interest Due Today": 0,
        "TrancheAmount": -0.4025,
        "UnutilizedAmount": 0,
        "Group Exposure Limit": 135,
        "Group Limit Available": 120.5983
    },
    {
        "Group Name": "MENTOR",
        "AK Company": "AKCFL",
        "AK CompanyId": 3,
        "Principal Outstanding": 14.2328,
        "Interest Overdue": 0,
        "Interest Due Today": 0,
        "TrancheAmount": 0,
        "UnutilizedAmount": 0,
        "Group Exposure Limit": 135,
        "Group Limit Available": 120.7672
    },
    {
        "Group Name": "FAIRMONT GROUP",
        "AK Company": "AKCFL",
        "AK CompanyId": 3,
        "Principal Outstanding": 12.7456,
        "Interest Overdue": 0,
        "Interest Due Today": 0,
        "TrancheAmount": 0,
        "UnutilizedAmount": 12.8042,
        "Group Exposure Limit": 135,
        "Group Limit Available": 122.2544
    },
    {
        "Group Name": "SOBHA",
        "AK Company": "AKCFL",
        "AK CompanyId": 3,
        "Principal Outstanding": 12.5,
        "Interest Overdue": 0,
        "Interest Due Today": 0,
        "TrancheAmount": 0,
        "UnutilizedAmount": 0,
        "Group Exposure Limit": 135,
        "Group Limit Available": 122.5
    },
    {
        "Group Name": "NIVARA",
        "AK Company": "AKCFL",
        "AK CompanyId": 3,
        "Principal Outstanding": 12.4138,
        "Interest Overdue": 0,
        "Interest Due Today": 0,
        "TrancheAmount": 0,
        "UnutilizedAmount": 20,
        "Group Exposure Limit": 135,
        "Group Limit Available": 122.5862
    },
    {
        "Group Name": "KHUSH",
        "AK Company": "AKCFL",
        "AK CompanyId": 3,
        "Principal Outstanding": 11,
        "Interest Overdue": 0,
        "Interest Due Today": 0,
        "TrancheAmount": 0,
        "UnutilizedAmount": 0,
        "Group Exposure Limit": 135,
        "Group Limit Available": 124
    },
    {
        "Group Name": "UMMEED",
        "AK Company": "AKCFL",
        "AK CompanyId": 3,
        "Principal Outstanding": 10.9167,
        "Interest Overdue": 0,
        "Interest Due Today": 0,
        "TrancheAmount": 0,
        "UnutilizedAmount": 12,
        "Group Exposure Limit": 135,
        "Group Limit Available": 124.0833
    },
    {
        "Group Name": "OTHERS",
        "AK Company": "AKCFL",
        "AK CompanyId": 3,
        "Principal Outstanding": 9.9371,
        "Interest Overdue": 0,
        "Interest Due Today": 0,
        "TrancheAmount": -0.0504,
        "UnutilizedAmount": 0,
        "Group Exposure Limit": 135,
        "Group Limit Available": 125.0629
    },
    {
        "Group Name": "FINOVA",
        "AK Company": "AKCFL",
        "AK CompanyId": 3,
        "Principal Outstanding": 9.4565,
        "Interest Overdue": 0,
        "Interest Due Today": 0,
        "TrancheAmount": 0,
        "UnutilizedAmount": 5,
        "Group Exposure Limit": 135,
        "Group Limit Available": 125.5435
    },
    {
        "Group Name": "MAHAVEER FINANCE",
        "AK Company": "AKCFL",
        "AK CompanyId": 3,
        "Principal Outstanding": 9.375,
        "Interest Overdue": 0,
        "Interest Due Today": 0,
        "TrancheAmount": 0,
        "UnutilizedAmount": 0,
        "Group Exposure Limit": 135,
        "Group Limit Available": 125.625
    },
    {
        "Group Name": "SATIN CREDIT",
        "AK Company": "AKCFL",
        "AK CompanyId": 3,
        "Principal Outstanding": 8.6,
        "Interest Overdue": 0,
        "Interest Due Today": 0,
        "TrancheAmount": 0,
        "UnutilizedAmount": 0,
        "Group Exposure Limit": 135,
        "Group Limit Available": 126.4
    },
    {
        "Group Name": "AGRIM MULTILINK SALES AND TRADING PRIVATE LIMITED",
        "AK Company": "AKCFL",
        "AK CompanyId": 3,
        "Principal Outstanding": 8,
        "Interest Overdue": 0,
        "Interest Due Today": 0,
        "TrancheAmount": 0,
        "UnutilizedAmount": 0,
        "Group Exposure Limit": 135,
        "Group Limit Available": 127
    },
    {
        "Group Name": "INDIAN SCHOOL",
        "AK Company": "AKCFL",
        "AK CompanyId": 3,
        "Principal Outstanding": 7.7151,
        "Interest Overdue": 0,
        "Interest Due Today": 0,
        "TrancheAmount": 0,
        "UnutilizedAmount": 0,
        "Group Exposure Limit": 135,
        "Group Limit Available": 127.2849
    },
    {
        "Group Name": "YOGAKSHEMAM",
        "AK Company": "AKCFL",
        "AK CompanyId": 3,
        "Principal Outstanding": 7.2728,
        "Interest Overdue": -0.0001,
        "Interest Due Today": 0,
        "TrancheAmount": 0,
        "UnutilizedAmount": 0,
        "Group Exposure Limit": 135,
        "Group Limit Available": 127.7274
    },
    {
        "Group Name": "G RAJ INDUSTRIAL CONSULTANCY LIMITED",
        "AK Company": "AKCFL",
        "AK CompanyId": 3,
        "Principal Outstanding": 7,
        "Interest Overdue": 0,
        "Interest Due Today": 0,
        "TrancheAmount": 0,
        "UnutilizedAmount": 3,
        "Group Exposure Limit": 135,
        "Group Limit Available": 128
    },
    {
        "Group Name": "ESAF",
        "AK Company": "AKCFL",
        "AK CompanyId": 3,
        "Principal Outstanding": 5.7136,
        "Interest Overdue": 0,
        "Interest Due Today": 0,
        "TrancheAmount": 0,
        "UnutilizedAmount": 0,
        "Group Exposure Limit": 135,
        "Group Limit Available": 129.2864
    },
    {
        "Group Name": "NEESA",
        "AK Company": "AKCFL",
        "AK CompanyId": 3,
        "Principal Outstanding": 5.6488,
        "Interest Overdue": 0,
        "Interest Due Today": 0,
        "TrancheAmount": 0,
        "UnutilizedAmount": 0,
        "Group Exposure Limit": 135,
        "Group Limit Available": 129.3512
    },
    {
        "Group Name": "THE KARNATAKA BANK LIMITED",
        "AK Company": "AKCFL",
        "AK CompanyId": 3,
        "Principal Outstanding": 5.5805,
        "Interest Overdue": 0,
        "Interest Due Today": 0,
        "TrancheAmount": 2.786,
        "UnutilizedAmount": 0,
        "Group Exposure Limit": 135,
        "Group Limit Available": 129.4195
    },
    {
        "Group Name": "JK",
        "AK Company": "AKCFL",
        "AK CompanyId": 3,
        "Principal Outstanding": 5.0685,
        "Interest Overdue": 0,
        "Interest Due Today": 0,
        "TrancheAmount": 0,
        "UnutilizedAmount": 0,
        "Group Exposure Limit": 135,
        "Group Limit Available": 129.9315
    },
    {
        "Group Name": "HUDCO",
        "AK Company": "AKCFL",
        "AK CompanyId": 3,
        "Principal Outstanding": 5.0354,
        "Interest Overdue": 0,
        "Interest Due Today": 0,
        "TrancheAmount": 0,
        "UnutilizedAmount": 0,
        "Group Exposure Limit": 135,
        "Group Limit Available": 129.9646
    },
    {
        "Group Name": "MURUGAPPA",
        "AK Company": "AKCFL",
        "AK CompanyId": 3,
        "Principal Outstanding": 4.923,
        "Interest Overdue": 0,
        "Interest Due Today": 0,
        "TrancheAmount": -0.4721,
        "UnutilizedAmount": 0,
        "Group Exposure Limit": 135,
        "Group Limit Available": 130.077
    },
    {
        "Group Name": "OFB TECH PRIVATE LIMITED",
        "AK Company": "AKCFL",
        "AK CompanyId": 3,
        "Principal Outstanding": 4.2857,
        "Interest Overdue": 0,
        "Interest Due Today": 0,
        "TrancheAmount": 0,
        "UnutilizedAmount": 15,
        "Group Exposure Limit": 135,
        "Group Limit Available": 130.7143
    },
    {
        "Group Name": "ELECTRONICA",
        "AK Company": "AKCFL",
        "AK CompanyId": 3,
        "Principal Outstanding": 4,
        "Interest Overdue": 0.0003,
        "Interest Due Today": 0,
        "TrancheAmount": 0,
        "UnutilizedAmount": 0,
        "Group Exposure Limit": 135,
        "Group Limit Available": 130.9997
    },
    {
        "Group Name": "BANSAL",
        "AK Company": "AKCFL",
        "AK CompanyId": 3,
        "Principal Outstanding": 3.5,
        "Interest Overdue": 0,
        "Interest Due Today": 0,
        "TrancheAmount": 0,
        "UnutilizedAmount": 5,
        "Group Exposure Limit": 135,
        "Group Limit Available": 131.5
    },
    {
        "Group Name": "ORANGE",
        "AK Company": "AKCFL",
        "AK CompanyId": 3,
        "Principal Outstanding": 3.5,
        "Interest Overdue": 0,
        "Interest Due Today": 0,
        "TrancheAmount": 0,
        "UnutilizedAmount": 6,
        "Group Exposure Limit": 135,
        "Group Limit Available": 131.5
    },
    {
        "Group Name": "HABITAT",
        "AK Company": "AKCFL",
        "AK CompanyId": 3,
        "Principal Outstanding": 3.3824,
        "Interest Overdue": 0,
        "Interest Due Today": 0,
        "TrancheAmount": 0,
        "UnutilizedAmount": 0,
        "Group Exposure Limit": 135,
        "Group Limit Available": 131.6176
    },
    {
        "Group Name": "PNB",
        "AK Company": "AKCFL",
        "AK CompanyId": 3,
        "Principal Outstanding": 3.0863,
        "Interest Overdue": 0,
        "Interest Due Today": 0,
        "TrancheAmount": 0,
        "UnutilizedAmount": 0,
        "Group Exposure Limit": 135,
        "Group Limit Available": 131.9137
    },
    {
        "Group Name": "UP POWER",
        "AK Company": "AKCFL",
        "AK CompanyId": 3,
        "Principal Outstanding": 2.9846,
        "Interest Overdue": 0,
        "Interest Due Today": 0,
        "TrancheAmount": 0,
        "UnutilizedAmount": 0,
        "Group Exposure Limit": 135,
        "Group Limit Available": 132.0154
    },
    {
        "Group Name": "HINDUJA GROUP",
        "AK Company": "AKCFL",
        "AK CompanyId": 3,
        "Principal Outstanding": 2.1791,
        "Interest Overdue": 0,
        "Interest Due Today": 0,
        "TrancheAmount": -0.4989,
        "UnutilizedAmount": 0,
        "Group Exposure Limit": 135,
        "Group Limit Available": 132.8209
    },
    {
        "Group Name": "URBAN LIVING",
        "AK Company": "AKCFL",
        "AK CompanyId": 3,
        "Principal Outstanding": 2.1176,
        "Interest Overdue": 0,
        "Interest Due Today": 0,
        "TrancheAmount": 0,
        "UnutilizedAmount": 0,
        "Group Exposure Limit": 135,
        "Group Limit Available": 132.8824
    },
    {
        "Group Name": "UP MONEY LIMITED",
        "AK Company": "AKCFL",
        "AK CompanyId": 3,
        "Principal Outstanding": 2.0417,
        "Interest Overdue": 0,
        "Interest Due Today": 0,
        "TrancheAmount": 0,
        "UnutilizedAmount": 0,
        "Group Exposure Limit": 135,
        "Group Limit Available": 132.9583
    },
    {
        "Group Name": "APHELION FINANCE PRIVATE LIMITED",
        "AK Company": "AKCFL",
        "AK CompanyId": 3,
        "Principal Outstanding": 1.9766,
        "Interest Overdue": 0,
        "Interest Due Today": 0,
        "TrancheAmount": 0,
        "UnutilizedAmount": 0,
        "Group Exposure Limit": 135,
        "Group Limit Available": 133.0234
    },
    {
        "Group Name": "NAMDEV FINVEST",
        "AK Company": "AKCFL",
        "AK CompanyId": 3,
        "Principal Outstanding": 1.6667,
        "Interest Overdue": 0,
        "Interest Due Today": 0,
        "TrancheAmount": 0,
        "UnutilizedAmount": 0,
        "Group Exposure Limit": 135,
        "Group Limit Available": 133.3333
    },
    {
        "Group Name": "APCRDA",
        "AK Company": "AKCFL",
        "AK CompanyId": 3,
        "Principal Outstanding": 1.3812,
        "Interest Overdue": 0,
        "Interest Due Today": 0,
        "TrancheAmount": 0,
        "UnutilizedAmount": 0,
        "Group Exposure Limit": 135,
        "Group Limit Available": 133.6188
    },
    {
        "Group Name": "UPHAR FINVEST",
        "AK Company": "AKCFL",
        "AK CompanyId": 3,
        "Principal Outstanding": 1.2593,
        "Interest Overdue": 0,
        "Interest Due Today": 0,
        "TrancheAmount": 0,
        "UnutilizedAmount": 0,
        "Group Exposure Limit": 135,
        "Group Limit Available": 133.7407
    },
    {
        "Group Name": "NHAI",
        "AK Company": "AKCFL",
        "AK CompanyId": 3,
        "Principal Outstanding": 1.1994,
        "Interest Overdue": 0,
        "Interest Due Today": 0,
        "TrancheAmount": -0.0087,
        "UnutilizedAmount": 0,
        "Group Exposure Limit": 135,
        "Group Limit Available": 133.8006
    },
    {
        "Group Name": "STATE BANK GROUP",
        "AK Company": "AKCFL",
        "AK CompanyId": 3,
        "Principal Outstanding": 0.9101,
        "Interest Overdue": 0,
        "Interest Due Today": 0,
        "TrancheAmount": -0.2034,
        "UnutilizedAmount": 0,
        "Group Exposure Limit": 135,
        "Group Limit Available": 134.0899
    },
    {
        "Group Name": "TATA",
        "AK Company": "AKCFL",
        "AK CompanyId": 3,
        "Principal Outstanding": 0.5125,
        "Interest Overdue": 0,
        "Interest Due Today": 0,
        "TrancheAmount": 0.3074,
        "UnutilizedAmount": 130,
        "Group Exposure Limit": 135,
        "Group Limit Available": 134.4875
    },
    {
        "Group Name": "RELIANCE",
        "AK Company": "AKCFL",
        "AK CompanyId": 3,
        "Principal Outstanding": 0.5019,
        "Interest Overdue": 0,
        "Interest Due Today": 0,
        "TrancheAmount": 0,
        "UnutilizedAmount": 0,
        "Group Exposure Limit": 135,
        "Group Limit Available": 134.4981
    },
    {
        "Group Name": "CHETANA FINANCIAL SERVICES LIMITED",
        "AK Company": "AKCFL",
        "AK CompanyId": 3,
        "Principal Outstanding": 0.3333,
        "Interest Overdue": 0,
        "Interest Due Today": 0,
        "TrancheAmount": 0,
        "UnutilizedAmount": 0,
        "Group Exposure Limit": 135,
        "Group Limit Available": 134.6667
    },
    {
        "Group Name": "IIFCL",
        "AK Company": "AKCFL",
        "AK CompanyId": 3,
        "Principal Outstanding": 0.2601,
        "Interest Overdue": 0,
        "Interest Due Today": 0,
        "TrancheAmount": 0,
        "UnutilizedAmount": 0,
        "Group Exposure Limit": 135,
        "Group Limit Available": 134.7399
    },
    {
        "Group Name": "ICICI BANK",
        "AK Company": "AKCFL",
        "AK CompanyId": 3,
        "Principal Outstanding": 0.099,
        "Interest Overdue": 0,
        "Interest Due Today": 0,
        "TrancheAmount": 0,
        "UnutilizedAmount": 0,
        "Group Exposure Limit": 135,
        "Group Limit Available": 134.901
    },
    {
        "Group Name": "INDIAN RAILWAYS",
        "AK Company": "AKCFL",
        "AK CompanyId": 3,
        "Principal Outstanding": 0.0828,
        "Interest Overdue": 0,
        "Interest Due Today": 0,
        "TrancheAmount": 0,
        "UnutilizedAmount": 0,
        "Group Exposure Limit": 135,
        "Group Limit Available": 134.9172
    },
    {
        "Group Name": "IREDAL",
        "AK Company": "AKCFL",
        "AK CompanyId": 3,
        "Principal Outstanding": 0.0223,
        "Interest Overdue": 0,
        "Interest Due Today": 0,
        "TrancheAmount": 0,
        "UnutilizedAmount": 0,
        "Group Exposure Limit": 135,
        "Group Limit Available": 134.9777
    },
    {
        "Group Name": "CHOLMANDALAM",
        "AK Company": "AKCSL",
        "AK CompanyId": 1,
        "Principal Outstanding": 4.0008,
        "Interest Overdue": 0,
        "Interest Due Today": 0,
        "TrancheAmount": 0,
        "UnutilizedAmount": 0,
        "Group Exposure Limit": 0,
        "Group Limit Available": 0
    },
    {
        "Group Name": "FIVE STAR",
        "AK Company": "AKCSL",
        "AK CompanyId": 1,
        "Principal Outstanding": 30,
        "Interest Overdue": 0,
        "Interest Due Today": 0,
        "TrancheAmount": 0,
        "UnutilizedAmount": 0,
        "Group Exposure Limit": 0,
        "Group Limit Available": 0
    },
    {
        "Group Name": "LIC",
        "AK Company": "AKCSL",
        "AK CompanyId": 1,
        "Principal Outstanding": 25,
        "Interest Overdue": 0,
        "Interest Due Today": 0,
        "TrancheAmount": -25.005,
        "UnutilizedAmount": 0,
        "Group Exposure Limit": 0,
        "Group Limit Available": 0
    },
    {
        "Group Name": "MENTOR",
        "AK Company": "AKCSL",
        "AK CompanyId": 1,
        "Principal Outstanding": 5,
        "Interest Overdue": 0,
        "Interest Due Today": 0,
        "TrancheAmount": 0,
        "UnutilizedAmount": 0,
        "Group Exposure Limit": 0,
        "Group Limit Available": 0
    },
    {
        "Group Name": "NEESA",
        "AK Company": "AKCSL",
        "AK CompanyId": 1,
        "Principal Outstanding": 6.81,
        "Interest Overdue": 0,
        "Interest Due Today": 0,
        "TrancheAmount": 0,
        "UnutilizedAmount": 0,
        "Group Exposure Limit": 0,
        "Group Limit Available": 0
    },
    {
        "Group Name": "NHAI",
        "AK Company": "AKCSL",
        "AK CompanyId": 1,
        "Principal Outstanding": 0.1,
        "Interest Overdue": 0,
        "Interest Due Today": 0,
        "TrancheAmount": 0,
        "UnutilizedAmount": 0,
        "Group Exposure Limit": 0,
        "Group Limit Available": 0
    },
    {
        "Group Name": "SHAMKEN",
        "AK Company": "AKCSL",
        "AK CompanyId": 1,
        "Principal Outstanding": 0.0009,
        "Interest Overdue": 0,
        "Interest Due Today": 0,
        "TrancheAmount": 0,
        "UnutilizedAmount": 0,
        "Group Exposure Limit": 0,
        "Group Limit Available": 0
    },
    {
        "Group Name": "SHRIRAM",
        "AK Company": "AKCSL",
        "AK CompanyId": 1,
        "Principal Outstanding": 34.9051,
        "Interest Overdue": 0,
        "Interest Due Today": 0,
        "TrancheAmount": 0,
        "UnutilizedAmount": 0,
        "Group Exposure Limit": 0,
        "Group Limit Available": 0
    },
    {
        "Group Name": "CAPEVIEW ",
        "AK Company": "AKSPL",
        "AK CompanyId": 2,
        "Principal Outstanding": 0.0018,
        "Interest Overdue": 0,
        "Interest Due Today": 0,
        "TrancheAmount": 0,
        "UnutilizedAmount": 0,
        "Group Exposure Limit": 0,
        "Group Limit Available": 0
    },
    {
        "Group Name": "DEWAN",
        "AK Company": "AKSPL",
        "AK CompanyId": 2,
        "Principal Outstanding": 2.925,
        "Interest Overdue": 0,
        "Interest Due Today": 0,
        "TrancheAmount": 0,
        "UnutilizedAmount": 0,
        "Group Exposure Limit": 0,
        "Group Limit Available": 0
    },
    {
        "Group Name": "EIH",
        "AK Company": "AKSPL",
        "AK CompanyId": 2,
        "Principal Outstanding": 0.0344,
        "Interest Overdue": 0,
        "Interest Due Today": 0,
        "TrancheAmount": 0,
        "UnutilizedAmount": 0,
        "Group Exposure Limit": 0,
        "Group Limit Available": 0
    },
    {
        "Group Name": "ELECTROSTEEL",
        "AK Company": "AKSPL",
        "AK CompanyId": 2,
        "Principal Outstanding": 0.028,
        "Interest Overdue": 0,
        "Interest Due Today": 0,
        "TrancheAmount": 0,
        "UnutilizedAmount": 0,
        "Group Exposure Limit": 0,
        "Group Limit Available": 0
    },
    {
        "Group Name": "ICICI BANK",
        "AK Company": "AKSPL",
        "AK CompanyId": 2,
        "Principal Outstanding": 0,
        "Interest Overdue": 0,
        "Interest Due Today": 0,
        "TrancheAmount": 0,
        "UnutilizedAmount": 0,
        "Group Exposure Limit": 0,
        "Group Limit Available": 0
    },
    {
        "Group Name": "JOINDRE",
        "AK Company": "AKSPL",
        "AK CompanyId": 2,
        "Principal Outstanding": 0.0509,
        "Interest Overdue": 0,
        "Interest Due Today": 0,
        "TrancheAmount": 0,
        "UnutilizedAmount": 0,
        "Group Exposure Limit": 0,
        "Group Limit Available": 0
    },
    {
        "Group Name": "M SQUARE",
        "AK Company": "AKSPL",
        "AK CompanyId": 2,
        "Principal Outstanding": 3.5,
        "Interest Overdue": 0,
        "Interest Due Today": 0,
        "TrancheAmount": 0,
        "UnutilizedAmount": 0,
        "Group Exposure Limit": 0,
        "Group Limit Available": 0
    },
    {
        "Group Name": "PENINSULA",
        "AK Company": "AKSPL",
        "AK CompanyId": 2,
        "Principal Outstanding": 0.0928,
        "Interest Overdue": 0,
        "Interest Due Today": 0,
        "TrancheAmount": 0,
        "UnutilizedAmount": 0,
        "Group Exposure Limit": 0,
        "Group Limit Available": 0
    },
    {
        "Group Name": "PUNJ LLOYD",
        "AK Company": "AKSPL",
        "AK CompanyId": 2,
        "Principal Outstanding": 0.3756,
        "Interest Overdue": 0,
        "Interest Due Today": 0,
        "TrancheAmount": 0,
        "UnutilizedAmount": 0,
        "Group Exposure Limit": 0,
        "Group Limit Available": 0
    },
    {
        "Group Name": "UCO BANK",
        "AK Company": "AKSPL",
        "AK CompanyId": 2,
        "Principal Outstanding": 0.0479,
        "Interest Overdue": 0,
        "Interest Due Today": 0,
        "TrancheAmount": 0,
        "UnutilizedAmount": 0,
        "Group Exposure Limit": 0,
        "Group Limit Available": 0
    },
    {
        "Group Name": "VARDHMAN",
        "AK Company": "AKSPL",
        "AK CompanyId": 2,
        "Principal Outstanding": 0.0388,
        "Interest Overdue": 0,
        "Interest Due Today": 0,
        "TrancheAmount": 0,
        "UnutilizedAmount": 0,
        "Group Exposure Limit": 0,
        "Group Limit Available": 0
    },
    {
        "Group Name": "WELSPUN",
        "AK Company": "AKSPL",
        "AK CompanyId": 2,
        "Principal Outstanding": 0.02,
        "Interest Overdue": 0,
        "Interest Due Today": 0,
        "TrancheAmount": 0,
        "UnutilizedAmount": 0,
        "Group Exposure Limit": 0,
        "Group Limit Available": 0
    },
    {
        "Group Name": "YASHRAJ",
        "AK Company": "AKSPL",
        "AK CompanyId": 2,
        "Principal Outstanding": 1.9,
        "Interest Overdue": 0,
        "Interest Due Today": 0,
        "TrancheAmount": 0,
        "UnutilizedAmount": 0,
        "Group Exposure Limit": 0,
        "Group Limit Available": 0
    },
    {
        "Group Name": "SHRIRAM",
        "AK Company": "AKSPLTD",
        "AK CompanyId": 6,
        "Principal Outstanding": 32.1064,
        "Interest Overdue": 0,
        "Interest Due Today": 0,
        "TrancheAmount": 0,
        "UnutilizedAmount": 0,
        "Group Exposure Limit": 0,
        "Group Limit Available": 0
    },
    {
        "Group Name": "UCO BANK",
        "AK Company": "AKSPLTD",
        "AK CompanyId": 6,
        "Principal Outstanding": 1.0883,
        "Interest Overdue": 0,
        "Interest Due Today": 0,
        "TrancheAmount": 0,
        "UnutilizedAmount": 0,
        "Group Exposure Limit": 0,
        "Group Limit Available": 0
    },
    {
        "Group Name": "SHRIRAM",
        "AK Company": "AKWMPL",
        "AK CompanyId": 9,
        "Principal Outstanding": 3.801,
        "Interest Overdue": 0,
        "Interest Due Today": 0,
        "TrancheAmount": 0,
        "UnutilizedAmount": 0,
        "Group Exposure Limit": 0,
        "Group Limit Available": 0
    },
    {
        "Group Name": "SHRIRAM",
        "AK Company": "FHFPL",
        "AK CompanyId": 10,
        "Principal Outstanding": 6,
        "Interest Overdue": 0,
        "Interest Due Today": 0,
        "TrancheAmount": 0,
        "UnutilizedAmount": 0,
        "Group Exposure Limit": 0,
        "Group Limit Available": 0
    }
]